﻿[{"_description": "SeikaSay2のオプション指定", "type": "SeikaSay2", "volume": null, "speed": null, "pitch": null, "alpha": null, "intonation": null, "emotionEP": null, "emotionP": null, "overBanner": null}, {"_description": "ゲーム開始時", "event": "gameStart", "speak": [{"text": "対戦よろしくお願いします"}, {"text": ""}, {"text": ""}]}, {"_description": "ゲーム勝利時", "event": "gameWin", "speak": [{"text": "対戦ありがとうございました"}, {"text": ""}, {"text": ""}]}, {"_description": "ゲーム敗北時", "event": "gameLose", "speak": [{"text": "対戦ありがとうございました"}, {"text": ""}, {"text": ""}]}, {"_description": "マリガンチェック時", "event": "MulliganCheck", "speak": [{"text": "マリガンチェック"}, {"text": ""}, {"text": ""}]}, {"_description": "ターン開始時", "event": "TurnStart", "speak": [{"text": "私のターン"}, {"text": "お相手のターン"}, {"text": "私のターン"}]}, {"_description": "カードを引いた時", "event": "Draw", "speak": [{"text": "{card}を引いたよ"}, {"text": ""}, {"text": "ドロー"}]}, {"_description": "カードを捨てた時", "event": "Discard", "speak": [{"text": "{card}を捨てるよ"}, {"text": "お相手は{card}をディスカード"}, {"text": "{card}を捨てるよ"}]}, {"_description": "土地をプレイした時", "event": "PlayLand", "speak": [{"text": "{card}を出すよ"}, {"text": "お相手は{card}をプレイ"}, {"text": "{card}を出すよ"}]}, {"_description": "呪文を唱えた時", "event": "CastSpell", "speak": [{"text": "{card}を唱えるよ"}, {"text": "お相手は{card}をキャスト"}, {"text": "{card}を唱えるよ"}]}, {"_description": "呪文が打ち消された時", "event": "Countered", "speak": [{"text": ""}, {"text": ""}, {"text": ""}]}, {"_description": "呪文が解決された時", "event": "Resolve", "speak": [{"text": ""}, {"text": ""}, {"text": ""}]}, {"_description": "攻撃クリーチャー指定時", "event": "Attack", "speak": [{"text": "{attacker}でアタック"}, {"text": "お相手は{attacker}でアタック"}, {"text": "{attacker}でアタック"}]}, {"_description": "ブロッククリーチャー指定時", "event": "Block", "speak": [{"text": "{blocker}で{attacker}をブロック"}, {"text": "お相手は{blocker}で{attacker}をブロック"}, {"text": "{blocker}で{attacker}をブロック"}]}, {"_description": "ライフが増えた時", "event": "LifeGain", "speak": [{"text": "{life_diff}点回復して、ライフは{life_to}"}, {"text": "{life_diff}点回復されて、お相手はライフは{life_to}"}, {"text": "{life_diff}点回復して、ライフは{life_to}"}]}, {"_description": "ライフが減った時", "event": "LifeLose", "speak": [{"text": "{life_diff}点くらって、ライフは{life_to}"}, {"text": "{life_diff}点あたえて、お相手のライフは{life_to}"}, {"text": "{life_diff}点くらって、ライフは{life_to}"}]}, {"_description": "クリーチャーが死亡した時", "event": "Die", "speak": [{"text": "{card}が死亡"}, {"text": "お相手の{card}が死亡"}, {"text": "{card}が死亡"}]}, {"_description": "パーマネントが破壊された時", "event": "Destroy", "speak": [{"text": "{card}が破壊"}, {"text": "お相手の{card}が破壊"}, {"text": "{card}が破壊"}]}, {"_description": "パーマネントを生け贄に捧げた時", "event": "Sacrifice", "speak": [{"text": "{card}を生け贄に"}, {"text": "お相手の{card}が生け贄に"}, {"text": "{card}を生け贄に"}]}, {"_description": "カードが追放された時", "event": "Exile", "speak": [{"text": "{card}が追放"}, {"text": "お相手の{card}が追放"}, {"text": "{card}が追放"}]}, {"_description": "カードが墓地に置かれた時", "event": "PutIntoGraveyard", "speak": [{"text": ""}, {"text": ""}, {"text": ""}]}, {"_description": "カードが創出された時", "event": "Conjure", "speak": [{"text": "{card}を創出"}, {"text": "お相手は{card}を創出"}, {"text": "{card}を創出"}]}]