[
    {
        "_speaker": "琴葉 茜",
        "_product": "VOICEROID2"
    },
    {
        "_description": "SeikaSay2のオプション指定",
        "type": "SeikaSay2",
        "volume": null,
        "speed": null,
        "pitch": null,
        "alpha": null,
        "intonation": null,
        "emotionEP": null,
        "emotionP": null,
        "overBanner": null
    },
    {
        "_description": "ゲーム終了時",
        "type": "game",
        "speak": [
            {
                "text": "対戦ありがとうございました。"
            },
            {
                "text": "対戦ありがとうございました。"
            },
            {
                "text": "対戦ありがとうございました。"
            }
        ]
    },
    {
        "_description": "ターン開始時",
        "type": "turn",
        "speak": [
            {
                "text": "うちのターン。"
            },
            {
                "text": "お相手のターン。"
            },
            {
                "text": "うちのターン。"
            }
        ]
    },
    {
        "_description": "攻撃クリーチャー指定時",
        "verb": "attacking",
        "speak": [
            {
                "text": "{attacker}でアタック。"
            },
            {
                "text": "お相手は{attacker}でアタック。"
            },
            {
                "text": "{attacker}でアタック。"
            }
        ]
    },
    {
        "_description": "ブロッククリーチャー指定時",
        "verb": "blocks",
        "speak": [
            {
                "text": "{blocker}で{attacker}をブロック。"
            },
            {
                "text": "お相手は{blocker}で{attacker}をブロック。"
            },
            {
                "text": "{blocker}で{attacker}をブロック。"
            }
        ]
    },
    {
        "_description": "呪文を唱えた時",
        "verb": "casts",
        "speak": [
            {
                "text": "{card}を唱えるで。"
            },
            {
                "text": "お相手が{card}を唱えたで。"
            },
            {
                "text": "{card}を唱えるで。"
            }
        ]
    },
    {
        "_description": "カードを1枚引いた時",
        "verb": "draws",
        "speak": [
            {
                "text": "{card}を引いたで。"
            },
            {
                "text": ""
            },
            {
                "text": "ドロー。"
            }
        ]
    },
    {
        "_description": "カードが追放された時",
        "verb": "exiles",
        "speak": [
            {
                "text": "{card}が追放。"
            },
            {
                "text": "お相手の{card}が追放。"
            },
            {
                "text": "{card}が追放。"
            }
        ]
    },
    {
        "_description": "土地をプレイした時",
        "verb": "plays",
        "speak": [
            {
                "text": "{card}を出すで。"
            },
            {
                "text": "お相手は{card}を出したで。"
            },
            {
                "text": "{card}を出すで。"
            }
        ]
    },
    {
        "_description": "呪文か能力が解決した時",
        "verb": "resolves",
        "speak": [
            {
                "text": ""
            },
            {
                "text": ""
            },
            {
                "text": ""
            }
        ]
    },
    {
        "_description": "墓地にカードが創出された時",
        "verb": "sent to graveyard",
        "reason": [
            "(Conjure)"
        ],
        "speak": [
            {
                "text": "墓地に{card}を創出。"
            },
            {
                "text": "お相手の墓地に{card}が創出。"
            },
            {
                "text": "墓地に{card}を創出。"
            }
        ]
    },
    {
        "_description": "カードを1枚捨てた時",
        "verb": "sent to graveyard",
        "reason": [
            "(Discard)"
        ],
        "speak": [
            {
                "text": "{card}を捨てるで。"
            },
            {
                "text": "お相手は{card}を捨てたで。"
            },
            {
                "text": "{card}を捨てるで。"
            }
        ]
    },
    {
        "_description": "パーマネントが破壊された時",
        "verb": "sent to graveyard",
        "reason": [
            "(Destroy)"
        ],
        "speak": [
            {
                "text": "{card}が破壊。"
            },
            {
                "text": "お相手の{card}が破壊。"
            },
            {
                "text": "{card}が破壊。"
            }
        ]
    },
    {
        "_description": "ライブラリが切削された時",
        "verb": "sent to graveyard",
        "reason": [
            "(Mill)"
        ],
        "speak": [
            {
                "text": ""
            },
            {
                "text": ""
            },
            {
                "text": ""
            }
        ]
    },
    {
        "_description": "効果により墓地にカードを置いた時",
        "verb": "sent to graveyard",
        "reason": [
            "(Put)"
        ],
        "speak": [
            {
                "text": ""
            },
            {
                "text": ""
            },
            {
                "text": ""
            }
        ]
    },
    {
        "_description": "パーマネントを生け贄に捧げた時",
        "verb": "sent to graveyard",
        "reason": [
            "(Sacrifice)"
        ],
        "speak": [
            {
                "text": "{card}をサクるで。"
            },
            {
                "text": "お相手は{card}をサクったで。"
            },
            {
                "text": "{card}をサクるで。"
            }
        ]
    },
    {
        "_description": "クリーチャーが死亡した時",
        "verb": "sent to graveyard",
        "reason": [
            "(SBA_Damage)",
            "(SBA_Deathtouch)",
            "(SBA_ZeroToughness)"
        ],
        "speak": [
            {
                "text": "{card}が死んだで。"
            },
            {
                "text": "お相手の{card}が死んだで。"
            },
            {
                "text": "{card}が死んだで。"
            }
        ]
    },
    {
        "_description": "オーラが状況起因処理で墓地に置かれた時",
        "verb": "sent to graveyard",
        "reason": [
            "(SBA_UnattachedAura)"
        ],
        "speak": [
            {
                "text": "{card}が墓地に。"
            },
            {
                "text": "お相手の{card}が墓地に。"
            },
            {
                "text": "{card}が墓地に。"
            }
        ]
    },
    {
        "_description": "不明。呪文が立ち消えた時？",
        "verb": "sent to graveyard",
        "reason": [
            "(nil)"
        ],
        "speak": [
            {
                "text": ""
            },
            {
                "text": ""
            },
            {
                "text": ""
            }
        ]
    },
    {
        "_description": "ゲーム開始時",
        "verb": "vs",
        "speak": [
            {
                "text": "対戦よろしくお願いします。"
            },
            {
                "text": ""
            },
            {
                "text": ""
            }
        ]
    },
    {
        "_description": "ライフが増えた時",
        "verb": "'s life total changed",
        "life": "gain",
        "speak": [
            {
                "text": "{life_diff}点回復したで。"
            },
            {
                "text": "{life_diff}点回復されたで。"
            },
            {
                "text": "{life_diff}点回復したで。"
            }
        ]
    },
    {
        "_description": "ライフが減った時",
        "verb": "'s life total changed",
        "life": "lose",
        "speak": [
            {
                "text": "痛い。"
            },
            {
                "text": "{life_diff}点あたえたで。"
            },
            {
                "text": "痛い。"
            }
        ]
    },
    {
        "_description": "マリガンチェック時",
        "verb": "'s starting hand:",
        "speak": [
            {
                "text": "マリガンチェック。"
            },
            {
                "text": ""
            },
            {
                "text": ""
            }
        ]
    }
]