[
    {
        "_description": "ゲーム終了時",
        "type": "game",
        "speak": [
            {
                "text": "対戦ありがとうございました。",
                "volume": null,
                "speed": null,
                "pitch": null,
                "alpha": null,
                "intonation": null,
                "emotionEP": null,
                "emotionP": null,
                "overBanner": null
            },
            {
                "text": "対戦ありがとうございました。",
                "volume": null,
                "speed": null,
                "pitch": null,
                "alpha": null,
                "intonation": null,
                "emotionEP": null,
                "emotionP": null,
                "overBanner": null
            },
            {
                "text": "対戦ありがとうございました。",
                "volume": null,
                "speed": null,
                "pitch": null,
                "alpha": null,
                "intonation": null,
                "emotionEP": null,
                "emotionP": null,
                "overBanner": null
            }
        ]
    },
    {
        "_description": "ターン開始時",
        "type": "turn",
        "speak": [
            {
                "text": "こちらのターン。"
            },
            {
                "text": "お相手のターン。"
            },
            {
                "text": "こちらのターン。"
            }
        ]
    },
    {
        "_description": "攻撃クリーチャー指定時",
        "verb": "attacking",
        "speak": [
            {
                "text": "{attacker}でアタック。"
            },
            {
                "text": "お相手は{attacker}でアタック。"
            },
            {
                "text": "{attacker}でアタック。"
            }
        ]
    },
    {
        "_description": "ブロッククリーチャー指定時",
        "verb": "blocks",
        "speak": [
            {
                "text": "{blocker}で{attacker}をブロック。"
            },
            {
                "text": "お相手は{blocker}で{attacker}をブロック。"
            },
            {
                "text": "{blocker}で{attacker}をブロック。"
            }
        ]
    },
    {
        "_description": "呪文を唱えた時",
        "verb": "casts",
        "speak": [
            {
                "text": "{card}をキャスト。"
            },
            {
                "text": "お相手は{card}をキャスト。"
            },
            {
                "text": "{card}をキャスト。"
            }
        ]
    },
    {
        "_description": "カードを1枚引いた時",
        "verb": "draws",
        "speak": [
            {
                "text": "{card}をドロー。"
            },
            {
                "text": ""
            },
            {
                "text": "ドロー。"
            }
        ]
    },
    {
        "_description": "カードが追放された時",
        "verb": "exiles",
        "speak": [
            {
                "text": "{card}を追放。"
            },
            {
                "text": "お相手の{card}を追放。"
            },
            {
                "text": "{card}を追放。"
            }
        ]
    },
    {
        "_description": "土地をプレイした時",
        "verb": "plays",
        "speak": [
            {
                "text": "{card}をプレイ。"
            },
            {
                "text": "お相手は{card}をプレイ。"
            },
            {
                "text": "{card}をプレイ。"
            }
        ]
    },
    {
        "_description": "呪文か能力が解決した時",
        "verb": "resolves",
        "speak": [
            {
                "text": ""
            },
            {
                "text": ""
            },
            {
                "text": ""
            }
        ]
    },
    {
        "_description": "クリーチャーが死亡した時かパーマネントが破壊された時",
        "verb": "sent to graveyard",
        "reason": [
            "(Destroy)",
            "(SBA_Damage)",
            "(SBA_ZeroToughness)"
        ],
        "speak": [
            {
                "text": "{card}が死亡。"
            },
            {
                "text": "お相手の{card}が死亡。"
            },
            {
                "text": "{card}が死亡。"
            }
        ]
    },
    {
        "_description": "墓地にカードが創出された時",
        "verb": "sent to graveyard",
        "reason": [
            "(Conjure)"
        ],
        "speak": [
            {
                "text": "墓地に{card}を創出。"
            },
            {
                "text": "お相手の墓地に{card}が創出。"
            },
            {
                "text": "墓地に{card}を創出。"
            }
        ]
    },
    {
        "_description": "カードを1枚捨てた時",
        "verb": "sent to graveyard",
        "reason": [
            "(Discard)"
        ],
        "speak": [
            {
                "text": "{card}をディスカード。"
            },
            {
                "text": "お相手は{card}をディスカード。"
            },
            {
                "text": "{card}をディスカード。"
            }
        ]
    },
    {
        "_description": "パーマネントを生け贄に捧げた時",
        "verb": "sent to graveyard",
        "reason": [
            "(Sacrifice)"
        ],
        "speak": [
            "{card}を生け贄に。",
            "お相手の{card}が生け贄に。",
            "{card}を生け贄に。"
        ]
    },
    {
        "_description": "オーラが状況起因処理で墓地に置かれた時",
        "verb": "sent to graveyard",
        "reason": [
            "(SBA_UnattachedAura)"
        ],
        "speak": [
            {
                "text": "{card}が墓地に。"
            },
            {
                "text": "お相手の{card}が墓地に。"
            },
            {
                "text": "{card}が墓地に。"
            }
        ]
    },
    {
        "_description": "不明。呪文が立ち消えた時？",
        "verb": "sent to graveyard",
        "reason": [
            "(nil)"
        ],
        "speak": [
            {
                "text": ""
            },
            {
                "text": ""
            },
            {
                "text": ""
            }
        ]
    },
    {
        "_description": "ゲーム開始時",
        "verb": "vs",
        "speak": [
            {
                "text": "対戦よろしくお願いします。"
            },
            {
                "text": ""
            },
            {
                "text": ""
            }
        ]
    },
    {
        "_description": "ライフが増えた時",
        "verb": "'s life total changed",
        "life": "gain",
        "speak": [
            {
                "text": "{life_diff}点回復して、ライフは{life_to}。"
            },
            {
                "text": "{life_diff}点回復されて、お相手はライフは{life_to}。"
            },
            {
                "text": "{life_diff}点回復して、ライフは{life_to}。"
            }
        ]
    },
    {
        "_description": "ライフが減った時",
        "verb": "'s life total changed",
        "life": "lose",
        "speak": [
            {
                "text": "{life_diff}点くらって、ライフは{life_to}。"
            },
            {
                "text": "{life_diff}点あたえて、お相手のライフは{life_to}。"
            },
            {
                "text": "{life_diff}点くらって、ライフは{life_to}。"
            }
        ]
    },
    {
        "_description": "マリガンチェック時",
        "verb": "'s starting hand:",
        "speak": [
            {
                "text": "マリガンチェック。"
            },
            {
                "text": ""
            },
            {
                "text": ""
            }
        ]
    }
]